id,flashscore_url,club_domaci,club_hostia,match_date,match_time,match_stadium
1,https://www.flashscore.com/match/football/aek-ANpZncAM/lask-linz-MipWYeKQ/?mid=EgODGq9F,AEK Athens,LASK,08.09.2026,18:45,Allwyn Arena
2,https://www.flashscore.com/match/football/aston-villa-W00wmLO0/club-brugge-rgTHIK74/?mid=hYMyrzBC,Club Brugge KV,Aston Villa,08.09.2026,18:45,Jan Breydel Stadion
3,https://www.flashscore.com/match/football/dortmund-nP1i5US1/villarreal-lUatW5jE/?mid=lGdh9XQ8,Dortmund,Villarreal,08.09.2026,21:00,Signal Iduna Park
4,https://www.flashscore.com/match/football/fc-porto-S2NmScGp/manchester-city-Wtn9Stg0/?mid=SYL9LRdk,FC Porto,Manchester City,08.09.2026,21:00,Estádio do Dragão
5,https://www.flashscore.com/match/football/betis-vJbTeCGP/lille-pfDZL71o/?mid=StY6NNoJ,Lille,Betis,08.09.2026,21:00,Stade Pierre-Mauroy
6,https://www.flashscore.com/match/football/inter-Iw7eKK25/real-madrid-W8mj7MDD/?mid=foBRjez1,Real Madrid,Inter,08.09.2026,21:00,Estadio Santiago Bernabéu
7,https://www.flashscore.com/match/football/barcelona-SKbpVP5K/feyenoord-8zjySeoN/?mid=nD1UprQ0,Barcelona,Feyenoord,09.09.2026,18:45,Camp Nou
8,https://www.flashscore.com/match/football/vfb-stuttgart-nJQmYp1B/viking-bXAgOWwb/?mid=xUAf7KE4,Stuttgart,Viking,09.09.2026,18:45,MHPArena
9,https://www.flashscore.com/match/football/atl-madrid-jaarqpLQ/liverpool-lId4TMwf/?mid=6aa0PFtQ,Liverpool,Atl. Madrid,09.09.2026,21:00,Anfield
10,https://www.flashscore.com/match/football/arsenal-hA1Zm19f/napoli-69Dxbc61/?mid=juiAv14K,Napoli,Arsenal,09.09.2026,21:00,Stadio Diego Armando Maradona
11,https://www.flashscore.com/match/football/psg-CjhkPw0k/slovan-bratislava-QRaWdwQf/?mid=vRfGDXa4,PSG,Slovan Bratislava,09.09.2026,21:00,Parc des Princes
12,https://www.flashscore.com/match/football/galatasaray-riaqqurF/sporting-cp-tljXuHBC/?mid=QaIiWiUj,Sporting CP,Galatasaray,09.09.2026,21:00,Estádio José Alvalade
13,https://www.flashscore.com/match/football/as-roma-zVqqL0ma/fenerbahce-MsbmracL/?mid=p4qtPzNN,Fenerbahce,AS Roma,10.09.2026,18:45,Chobani Stadium Fenerbahce Sukru Saracoglu
14,https://www.flashscore.com/match/football/psv-M9UEHJWi/shakhtar-4ENWX2OA/?mid=UTCOpiqp,PSV,Shakhtar Donetsk,10.09.2026,18:45,Philips Stadion
15,https://www.flashscore.com/match/football/bayern-munich-nVp0wiqd/bodo-glimt-S0WZMUNG/?mid=21qdVdR6,Bayern Munich,Bodo/Glimt,10.09.2026,21:00,Allianz Arena
16,https://www.flashscore.com/match/football/como-ttyLthOA/rb-leipzig-KbS1suSm/?mid=WhVkZZ2L,Como,RB Leipzig,10.09.2026,21:00,Mapei Stadium / Stadio Giuseppe Sinigaglia
17,https://www.flashscore.com/match/football/manchester-united-ppjDR086/sabah-baku-fNGcxbyr/?mid=EwQ5ud74,Manchester Utd,Sabah Baku,10.09.2026,21:00,Old Trafford
18,https://www.flashscore.com/match/football/lens-IBmris38/slavia-prague-viXGgnyB/?mid=YepM57w0,Slavia Prague,Lens,10.09.2026,21:00,Fortuna Arena
19,https://www.flashscore.com/match/football/lens-IBmris38/sporting-cp-tljXuHBC/?mid=boMhjDLM,Lens,Sporting CP,13.10.2026,18:45,Stade Bollaert-Delelis
20,https://www.flashscore.com/match/football/sabah-baku-fNGcxbyr/slavia-prague-viXGgnyB/?mid=69rU3o8C,Sabah Baku,Slavia Prague,13.10.2026,18:45,Bank Respublika Arena
21,https://www.flashscore.com/match/football/arsenal-hA1Zm19f/lille-pfDZL71o/?mid=pOc8KuDl,Arsenal,Lille,13.10.2026,21:00,Emirates Stadium
22,https://www.flashscore.com/match/football/atl-madrid-jaarqpLQ/manchester-united-ppjDR086/?mid=C0GBpZVH,Atl. Madrid,Manchester Utd,13.10.2026,21:00,Metropolitano Stadium
23,https://www.flashscore.com/match/football/barcelona-SKbpVP5K/galatasaray-riaqqurF/?mid=hWJelHWh,Galatasaray,Barcelona,13.10.2026,21:00,Rams Park
24,https://www.flashscore.com/match/football/club-brugge-rgTHIK74/inter-Iw7eKK25/?mid=YkFBumlL,Inter,Club Brugge KV,13.10.2026,21:00,Stadio Giuseppe Meazza (San Siro)
25,https://www.flashscore.com/match/football/psv-M9UEHJWi/rb-leipzig-KbS1suSm/?mid=SK2I6Y53,RB Leipzig,PSV,13.10.2026,21:00,Red Bull Arena
26,https://www.flashscore.com/match/football/bayern-munich-nVp0wiqd/viking-bXAgOWwb/?mid=p8JTqdt0,Viking,Bayern Munich,13.10.2026,21:00,Lyse Arena
27,https://www.flashscore.com/match/football/napoli-69Dxbc61/villarreal-lUatW5jE/?mid=QcgCe8c2,Villarreal,Napoli,13.10.2026,21:00,Estadio de la Ceramica
28,https://www.flashscore.com/match/football/como-ttyLthOA/feyenoord-8zjySeoN/?mid=rFNyQVP7,Feyenoord,Como,14.10.2026,18:45,De Kuip
29,https://www.flashscore.com/match/football/lask-linz-MipWYeKQ/liverpool-lId4TMwf/?mid=6cITvAb3,LASK,Liverpool,14.10.2026,18:45,Raiffeisen Arena
30,https://www.flashscore.com/match/football/as-roma-zVqqL0ma/real-madrid-W8mj7MDD/?mid=4j50U1OM,AS Roma,Real Madrid,14.10.2026,21:00,Stadio Olimpico
31,https://www.flashscore.com/match/football/aston-villa-W00wmLO0/fenerbahce-MsbmracL/?mid=OhXJC6X0,Aston Villa,Fenerbahce,14.10.2026,21:00,Villa Park
32,https://www.flashscore.com/match/football/betis-vJbTeCGP/fc-porto-S2NmScGp/?mid=xt5Mx0jU,Betis,FC Porto,14.10.2026,21:00,Estadio de La Cartuja
33,https://www.flashscore.com/match/football/bodo-glimt-S0WZMUNG/dortmund-nP1i5US1/?mid=QejW1kJr,Bodo/Glimt,Dortmund,14.10.2026,21:00,Aspmyra Stadion
34,https://www.flashscore.com/match/football/manchester-city-Wtn9Stg0/psg-CjhkPw0k/?mid=UH6LCxcK,Manchester City,PSG,14.10.2026,21:00,Etihad Stadium
35,https://www.flashscore.com/match/football/aek-ANpZncAM/shakhtar-4ENWX2OA/?mid=Y1LED1zo,Shakhtar Donetsk,AEK Athens,14.10.2026,21:00,Stamford Bridge
36,https://www.flashscore.com/match/football/slovan-bratislava-QRaWdwQf/vfb-stuttgart-nJQmYp1B/?mid=pfE25bqH,Slovan Bratislava,Stuttgart,14.10.2026,21:00,Tehelné pole
37,https://www.flashscore.com/match/football/fenerbahce-MsbmracL/slavia-prague-viXGgnyB/?mid=2yMLTDQr,Fenerbahce,Slavia Prague,20.10.2026,18:45,Chobani Stadium Fenerbahce Sukru Saracoglu
38,https://www.flashscore.com/match/football/dortmund-nP1i5US1/sabah-baku-fNGcxbyr/?mid=b9lv0Tme,Sabah Baku,Dortmund,20.10.2026,18:45,Bank Respublika Arena
39,https://www.flashscore.com/match/football/as-roma-zVqqL0ma/slovan-bratislava-QRaWdwQf/?mid=CjoYQdhB,AS Roma,Slovan Bratislava,20.10.2026,21:00,Stadio Olimpico
40,https://www.flashscore.com/match/football/fc-porto-S2NmScGp/psv-M9UEHJWi/?mid=jP6EvMLH,FC Porto,PSV,20.10.2026,21:00,Estádio do Dragão
41,https://www.flashscore.com/match/football/liverpool-lId4TMwf/villarreal-lUatW5jE/?mid=2swdQAqA,Liverpool,Villarreal,20.10.2026,21:00,Anfield
42,https://www.flashscore.com/match/football/aek-ANpZncAM/manchester-city-Wtn9Stg0/?mid=djVwRmZR,Manchester City,AEK Athens,20.10.2026,21:00,Etihad Stadium
43,https://www.flashscore.com/match/football/bodo-glimt-S0WZMUNG/napoli-69Dxbc61/?mid=QiGrsUa6,Napoli,Bodo/Glimt,20.10.2026,21:00,Stadio Diego Armando Maradona
44,https://www.flashscore.com/match/football/barcelona-SKbpVP5K/psg-CjhkPw0k/?mid=6u963YJ6,PSG,Barcelona,20.10.2026,21:00,Parc des Princes
45,https://www.flashscore.com/match/football/atl-madrid-jaarqpLQ/vfb-stuttgart-nJQmYp1B/?mid=8ODjcCFN,Stuttgart,Atl. Madrid,20.10.2026,21:00,MHPArena
46,https://www.flashscore.com/match/football/como-ttyLthOA/manchester-united-ppjDR086/?mid=UTWLyE6T,Como,Manchester Utd,21.10.2026,18:45,Mapei Stadium / Stadio Giuseppe Sinigaglia
47,https://www.flashscore.com/match/football/galatasaray-riaqqurF/lille-pfDZL71o/?mid=nRzlASTh,Lille,Galatasaray,21.10.2026,18:45,Stade Pierre-Mauroy
48,https://www.flashscore.com/match/football/aston-villa-W00wmLO0/viking-bXAgOWwb/?mid=d6VRAp2D,Aston Villa,Viking,21.10.2026,21:00,Villa Park
49,https://www.flashscore.com/match/football/arsenal-hA1Zm19f/bayern-munich-nVp0wiqd/?mid=OIffEkYO,Bayern Munich,Arsenal,21.10.2026,21:00,Allianz Arena
50,https://www.flashscore.com/match/football/betis-vJbTeCGP/feyenoord-8zjySeoN/?mid=CjRjR5nf,Betis,Feyenoord,21.10.2026,21:00,Estadio de La Cartuja
51,https://www.flashscore.com/match/football/club-brugge-rgTHIK74/lens-IBmris38/?mid=hC5ThCtS,Club Brugge KV,Lens,21.10.2026,21:00,Jan Breydel Stadion
52,https://www.flashscore.com/match/football/inter-Iw7eKK25/shakhtar-4ENWX2OA/?mid=4Y5szRBr,Inter,Shakhtar Donetsk,21.10.2026,21:00,Stadio Giuseppe Meazza (San Siro)
53,https://www.flashscore.com/match/football/rb-leipzig-KbS1suSm/real-madrid-W8mj7MDD/?mid=OC3pYqPc,Real Madrid,RB Leipzig,21.10.2026,21:00,Estadio Santiago Bernabéu
54,https://www.flashscore.com/match/football/lask-linz-MipWYeKQ/sporting-cp-tljXuHBC/?mid=I7KxfeMc,Sporting CP,LASK,21.10.2026,21:00,Estádio José Alvalade
55,https://www.flashscore.com/match/football/galatasaray-riaqqurF/vfb-stuttgart-nJQmYp1B/?mid=SGSUoDnR,Galatasaray,Stuttgart,03.11.2026,18:45,Rams Park
56,https://www.flashscore.com/match/football/shakhtar-4ENWX2OA/sporting-cp-tljXuHBC/?mid=QXNphZjA,Shakhtar Donetsk,Sporting CP,03.11.2026,18:45,Stamford Bridge
57,https://www.flashscore.com/match/football/atl-madrid-jaarqpLQ/bayern-munich-nVp0wiqd/?mid=vg7E1ClJ,Atl. Madrid,Bayern Munich,03.11.2026,21:00,Metropolitano Stadium
58,https://www.flashscore.com/match/football/aston-villa-W00wmLO0/barcelona-SKbpVP5K/?mid=tGbMn4el,Barcelona,Aston Villa,03.11.2026,21:00,Camp Nou
59,https://www.flashscore.com/match/football/bodo-glimt-S0WZMUNG/lille-pfDZL71o/?mid=YqbyqjVg,Bodo/Glimt,Lille,03.11.2026,21:00,Aspmyra Stadion
60,https://www.flashscore.com/match/football/feyenoord-8zjySeoN/inter-Iw7eKK25/?mid=xK9rfn3E,Feyenoord,Inter,03.11.2026,21:00,De Kuip
61,https://www.flashscore.com/match/football/lask-linz-MipWYeKQ/slovan-bratislava-QRaWdwQf/?mid=6TK5I5v3,LASK,Slovan Bratislava,03.11.2026,21:00,Raiffeisen Arena
62,https://www.flashscore.com/match/football/as-roma-zVqqL0ma/manchester-united-ppjDR086/?mid=8rnngLzB,Manchester Utd,AS Roma,03.11.2026,21:00,Old Trafford
63,https://www.flashscore.com/match/football/psg-CjhkPw0k/villarreal-lUatW5jE/?mid=Y7dW9kaT,Villarreal,PSG,03.11.2026,21:00,Estadio de la Ceramica
64,https://www.flashscore.com/match/football/aek-ANpZncAM/real-madrid-W8mj7MDD/?mid=8nfvNJGd,AEK Athens,Real Madrid,04.11.2026,18:45,Allwyn Arena
65,https://www.flashscore.com/match/football/fenerbahce-MsbmracL/liverpool-lId4TMwf/?mid=E3VsH66d,Fenerbahce,Liverpool,04.11.2026,18:45,Chobani Stadium Fenerbahce Sukru Saracoglu
66,https://www.flashscore.com/match/football/betis-vJbTeCGP/dortmund-nP1i5US1/?mid=Ao5br4Mh,Dortmund,Betis,04.11.2026,21:00,Signal Iduna Park
67,https://www.flashscore.com/match/football/fc-porto-S2NmScGp/napoli-69Dxbc61/?mid=6Zinb7I7,FC Porto,Napoli,04.11.2026,21:00,Estádio do Dragão
68,https://www.flashscore.com/match/football/como-ttyLthOA/lens-IBmris38/?mid=QVtE7T8m,Lens,Como,04.11.2026,21:00,Stade Bollaert-Delelis
69,https://www.flashscore.com/match/football/club-brugge-rgTHIK74/psv-M9UEHJWi/?mid=ptuqtEuP,PSV,Club Brugge KV,04.11.2026,21:00,Philips Stadion
70,https://www.flashscore.com/match/football/manchester-city-Wtn9Stg0/rb-leipzig-KbS1suSm/?mid=YVOHJ5R1,RB Leipzig,Manchester City,04.11.2026,21:00,Red Bull Arena
71,https://www.flashscore.com/match/football/arsenal-hA1Zm19f/slavia-prague-viXGgnyB/?mid=nBxtZvSs,Slavia Prague,Arsenal,04.11.2026,21:00,Fortuna Arena
72,https://www.flashscore.com/match/football/sabah-baku-fNGcxbyr/viking-bXAgOWwb/?mid=4GCn9tph,Viking,Sabah Baku,04.11.2026,21:00,Lyse Arena
73,https://www.flashscore.com/match/football/bodo-glimt-S0WZMUNG/lask-linz-MipWYeKQ/?mid=pItlFEBk,Bodo/Glimt,LASK,24.11.2026,18:45,Aspmyra Stadion
74,https://www.flashscore.com/match/football/aston-villa-W00wmLO0/galatasaray-riaqqurF/?mid=OCNDYmfK,Galatasaray,Aston Villa,24.11.2026,18:45,Rams Park
75,https://www.flashscore.com/match/football/arsenal-hA1Zm19f/dortmund-nP1i5US1/?mid=vPVzwlTF,Arsenal,Dortmund,24.11.2026,21:00,Emirates Stadium
76,https://www.flashscore.com/match/football/aek-ANpZncAM/como-ttyLthOA/?mid=jiHA3xET,Como,AEK Athens,24.11.2026,21:00,Mapei Stadium / Stadio Giuseppe Sinigaglia
77,https://www.flashscore.com/match/football/fc-porto-S2NmScGp/feyenoord-8zjySeoN/?mid=6grtKluR,Feyenoord,FC Porto,24.11.2026,21:00,De Kuip
78,https://www.flashscore.com/match/football/manchester-city-Wtn9Stg0/napoli-69Dxbc61/?mid=OxXVS94F,Manchester City,Napoli,24.11.2026,21:00,Etihad Stadium
79,https://www.flashscore.com/match/football/lens-IBmris38/rb-leipzig-KbS1suSm/?mid=pxXsydY8,RB Leipzig,Lens,24.11.2026,21:00,Red Bull Arena
80,https://www.flashscore.com/match/football/psv-M9UEHJWi/real-madrid-W8mj7MDD/?mid=6PURSlmI,Real Madrid,PSV,24.11.2026,21:00,Estadio Santiago Bernabéu
81,https://www.flashscore.com/match/football/betis-vJbTeCGP/slovan-bratislava-QRaWdwQf/?mid=I9qIUvgn,Slovan Bratislava,Betis,24.11.2026,21:00,Tehelné pole
82,https://www.flashscore.com/match/football/barcelona-SKbpVP5K/sabah-baku-fNGcxbyr/?mid=QqI3ne15,Sabah Baku,Barcelona,25.11.2026,18:45,Bank Respublika Arena
83,https://www.flashscore.com/match/football/slavia-prague-viXGgnyB/villarreal-lUatW5jE/?mid=vJEGXMRG,Slavia Prague,Villarreal,25.11.2026,18:45,Fortuna Arena
84,https://www.flashscore.com/match/football/atl-madrid-jaarqpLQ/viking-bXAgOWwb/?mid=zwfT2Gon,Atl. Madrid,Viking,25.11.2026,21:00,Metropolitano Stadium
85,https://www.flashscore.com/match/football/club-brugge-rgTHIK74/liverpool-lId4TMwf/?mid=6wSZISyp,Club Brugge KV,Liverpool,25.11.2026,21:00,Jan Breydel Stadion
86,https://www.flashscore.com/match/football/inter-Iw7eKK25/vfb-stuttgart-nJQmYp1B/?mid=xn4kY4te,Inter,Stuttgart,25.11.2026,21:00,Stadio Giuseppe Meazza (San Siro)
87,https://www.flashscore.com/match/football/bayern-munich-nVp0wiqd/lille-pfDZL71o/?mid=CfLLoIBm,Lille,Bayern Munich,25.11.2026,21:00,Stade Pierre-Mauroy
88,https://www.flashscore.com/match/football/as-roma-zVqqL0ma/psg-CjhkPw0k/?mid=v74Mijwo,PSG,AS Roma,25.11.2026,21:00,Parc des Princes
89,https://www.flashscore.com/match/football/fenerbahce-MsbmracL/shakhtar-4ENWX2OA/?mid=rB9Y2j5S,Shakhtar Donetsk,Fenerbahce,25.11.2026,21:00,Stamford Bridge
90,https://www.flashscore.com/match/football/manchester-united-ppjDR086/sporting-cp-tljXuHBC/?mid=CEDJzDKq,Sporting CP,Manchester Utd,25.11.2026,21:00,Estádio José Alvalade
91,https://www.flashscore.com/match/football/feyenoord-8zjySeoN/viking-bXAgOWwb/?mid=f3UMmZHE,Viking,Feyenoord,08.12.2026,18:45,Lyse Arena
92,https://www.flashscore.com/match/football/sabah-baku-fNGcxbyr/villarreal-lUatW5jE/?mid=65G8Zrc4,Villarreal,Sabah Baku,08.12.2026,18:45,Estadio de la Ceramica
93,https://www.flashscore.com/match/football/aek-ANpZncAM/galatasaray-riaqqurF/?mid=baJ0tiAl,AEK Athens,Galatasaray,08.12.2026,21:00,Allwyn Arena
94,https://www.flashscore.com/match/football/as-roma-zVqqL0ma/sporting-cp-tljXuHBC/?mid=0Irves6b,AS Roma,Sporting CP,08.12.2026,21:00,Stadio Olimpico
95,https://www.flashscore.com/match/football/aston-villa-W00wmLO0/psg-CjhkPw0k/?mid=QsgOBBUG,Aston Villa,PSG,08.12.2026,21:00,Villa Park
96,https://www.flashscore.com/match/football/barcelona-SKbpVP5K/manchester-city-Wtn9Stg0/?mid=Qmhi7GKs,Barcelona,Manchester City,08.12.2026,21:00,Camp Nou
97,https://www.flashscore.com/match/football/bayern-munich-nVp0wiqd/slavia-prague-viXGgnyB/?mid=zFs4TzdJ,Bayern Munich,Slavia Prague,08.12.2026,21:00,Allianz Arena
98,https://www.flashscore.com/match/football/manchester-united-ppjDR086/rb-leipzig-KbS1suSm/?mid=tQRcsIxh,Manchester Utd,RB Leipzig,08.12.2026,21:00,Old Trafford
99,https://www.flashscore.com/match/football/club-brugge-rgTHIK74/napoli-69Dxbc61/?mid=ld6bmj4k,Napoli,Club Brugge KV,08.12.2026,21:00,Stadio Diego Armando Maradona
100,https://www.flashscore.com/match/football/betis-vJbTeCGP/como-ttyLthOA/?mid=KGUbPqH6,Betis,Como,09.12.2026,18:45,Estadio de La Cartuja
101,https://www.flashscore.com/match/football/shakhtar-4ENWX2OA/slovan-bratislava-QRaWdwQf/?mid=08D0y5Si,Slovan Bratislava,Shakhtar Donetsk,09.12.2026,18:45,Tehelné pole
102,https://www.flashscore.com/match/football/arsenal-hA1Zm19f/real-madrid-W8mj7MDD/?mid=2BEZlZ4D,Arsenal,Real Madrid,09.12.2026,21:00,Emirates Stadium
103,https://www.flashscore.com/match/football/dortmund-nP1i5US1/inter-Iw7eKK25/?mid=ADHdWrB7,Dortmund,Inter,09.12.2026,21:00,Signal Iduna Park
104,https://www.flashscore.com/match/football/fenerbahce-MsbmracL/lask-linz-MipWYeKQ/?mid=zkKTRiee,LASK,Fenerbahce,09.12.2026,21:00,Raiffeisen Arena
105,https://www.flashscore.com/match/football/bodo-glimt-S0WZMUNG/lens-IBmris38/?mid=hrpdDht2,Lens,Bodo/Glimt,09.12.2026,21:00,Stade Bollaert-Delelis
106,https://www.flashscore.com/match/football/fc-porto-S2NmScGp/liverpool-lId4TMwf/?mid=dpzlSWEc,Liverpool,FC Porto,09.12.2026,21:00,Anfield
107,https://www.flashscore.com/match/football/atl-madrid-jaarqpLQ/psv-M9UEHJWi/?mid=r3cy1fGb,PSV,Atl. Madrid,09.12.2026,21:00,Philips Stadion
108,https://www.flashscore.com/match/football/lille-pfDZL71o/vfb-stuttgart-nJQmYp1B/?mid=GIbYfjPs,Stuttgart,Lille,09.12.2026,21:00,MHPArena
109,https://www.flashscore.com/match/football/atl-madrid-jaarqpLQ/bodo-glimt-S0WZMUNG/?mid=zBFraYpB,Bodo/Glimt,Atl. Madrid,19.01.2027,18:45,Aspmyra Stadion
110,https://www.flashscore.com/match/football/feyenoord-8zjySeoN/galatasaray-riaqqurF/?mid=v1XuClat,Galatasaray,Feyenoord,19.01.2027,18:45,Rams Park
111,https://www.flashscore.com/match/football/aek-ANpZncAM/as-roma-zVqqL0ma/?mid=GnzCJEpo,AEK Athens,AS Roma,19.01.2027,21:00,Allwyn Arena
112,https://www.flashscore.com/match/football/aston-villa-W00wmLO0/dortmund-nP1i5US1/?mid=IB86tri5,Aston Villa,Dortmund,19.01.2027,21:00,Villa Park
113,https://www.flashscore.com/match/football/fc-porto-S2NmScGp/slavia-prague-viXGgnyB/?mid=YupYLAAE,FC Porto,Slavia Prague,19.01.2027,21:00,Estádio do Dragão
114,https://www.flashscore.com/match/football/inter-Iw7eKK25/liverpool-lId4TMwf/?mid=bF5b5fkf,Inter,Liverpool,19.01.2027,21:00,Stadio Giuseppe Meazza (San Siro)
115,https://www.flashscore.com/match/football/lille-pfDZL71o/slovan-bratislava-QRaWdwQf/?mid=pz820C1K,Lille,Slovan Bratislava,19.01.2027,21:00,Stade Pierre-Mauroy
116,https://www.flashscore.com/match/football/lask-linz-MipWYeKQ/real-madrid-W8mj7MDD/?mid=dQ1hWNgA,Real Madrid,LASK,19.01.2027,21:00,Estadio Santiago Bernabéu
117,https://www.flashscore.com/match/football/club-brugge-rgTHIK74/vfb-stuttgart-nJQmYp1B/?mid=dM96oUY1,Stuttgart,Club Brugge KV,19.01.2027,21:00,MHPArena
118,https://www.flashscore.com/match/football/fenerbahce-MsbmracL/villarreal-lUatW5jE/?mid=fXXe3KG8,Fenerbahce,Villarreal,20.01.2027,18:45,Chobani Stadium Fenerbahce Sukru Saracoglu
119,https://www.flashscore.com/match/football/napoli-69Dxbc61/sabah-baku-fNGcxbyr/?mid=vwLGx99D,Sabah Baku,Napoli,20.01.2027,18:45,Bank Respublika Arena
120,https://www.flashscore.com/match/football/arsenal-hA1Zm19f/betis-vJbTeCGP/?mid=Q1aOGcCD,Betis,Arsenal,20.01.2027,21:00,Estadio de La Cartuja
121,https://www.flashscore.com/match/football/como-ttyLthOA/psg-CjhkPw0k/?mid=Uwr24TMj,Como,PSG,20.01.2027,21:00,Mapei Stadium / Stadio Giuseppe Sinigaglia
122,https://www.flashscore.com/match/football/lens-IBmris38/manchester-city-Wtn9Stg0/?mid=QPB3s9J8,Lens,Manchester City,20.01.2027,21:00,Stade Bollaert-Delelis
123,https://www.flashscore.com/match/football/bayern-munich-nVp0wiqd/manchester-united-ppjDR086/?mid=tCUkivlQ,Manchester Utd,Bayern Munich,20.01.2027,21:00,Old Trafford
124,https://www.flashscore.com/match/football/rb-leipzig-KbS1suSm/shakhtar-4ENWX2OA/?mid=vse4cUSk,RB Leipzig,Shakhtar Donetsk,20.01.2027,21:00,Red Bull Arena
125,https://www.flashscore.com/match/football/barcelona-SKbpVP5K/sporting-cp-tljXuHBC/?mid=p6Gmjw2t,Sporting CP,Barcelona,20.01.2027,21:00,Estádio José Alvalade
126,https://www.flashscore.com/match/football/psv-M9UEHJWi/viking-bXAgOWwb/?mid=zo6Q4CzG,Viking,PSV,20.01.2027,21:00,MHPArena
127,https://www.flashscore.com/match/football/arsenal-hA1Zm19f/sabah-baku-fNGcxbyr/?mid=IydGIJs1,Arsenal,Sabah Baku,27.01.2027,21:00,Emirates Stadium
128,https://www.flashscore.com/match/football/as-roma-zVqqL0ma/lille-pfDZL71o/?mid=4QsQSINb,AS Roma,Lille,27.01.2027,21:00,Stadio Olimpico
129,https://www.flashscore.com/match/football/atl-madrid-jaarqpLQ/fenerbahce-MsbmracL/?mid=KQJJrD0U,Atl. Madrid,Fenerbahce,27.01.2027,21:00,Metropolitano Stadium
130,https://www.flashscore.com/match/football/barcelona-SKbpVP5K/como-ttyLthOA/?mid=KQaxqMfD,Barcelona,Como,27.01.2027,21:00,Camp Nou
131,https://www.flashscore.com/match/football/bayern-munich-nVp0wiqd/betis-vJbTeCGP/?mid=fytlXIdf,Bayern Munich,Betis,27.01.2027,21:00,Allianz Arena
132,https://www.flashscore.com/match/football/bodo-glimt-S0WZMUNG/club-brugge-rgTHIK74/?mid=Kb7LfYBF,Club Brugge KV,Bodo/Glimt,27.01.2027,21:00,Jan Breydel Stadion
133,https://www.flashscore.com/match/football/aek-ANpZncAM/dortmund-nP1i5US1/?mid=dt007BeL,Dortmund,AEK Athens,27.01.2027,21:00,Signal Iduna Park
134,https://www.flashscore.com/match/football/feyenoord-8zjySeoN/rb-leipzig-KbS1suSm/?mid=QB6x3BMP,Feyenoord,RB Leipzig,27.01.2027,21:00,De Kuip
135,https://www.flashscore.com/match/football/fc-porto-S2NmScGp/lask-linz-MipWYeKQ/?mid=GSTBES2l,LASK,FC Porto,27.01.2027,21:00,Raiffeisen Arena
136,https://www.flashscore.com/match/football/lens-IBmris38/liverpool-lId4TMwf/?mid=zey4OlEM,Liverpool,Lens,27.01.2027,21:00,Anfield
137,https://www.flashscore.com/match/football/manchester-city-Wtn9Stg0/sporting-cp-tljXuHBC/?mid=GCTNUVZ2,Manchester City,Sporting CP,27.01.2027,21:00,Etihad Stadium
138,https://www.flashscore.com/match/football/napoli-69Dxbc61/viking-bXAgOWwb/?mid=6PM8vVv1,Napoli,Viking,27.01.2027,21:00,Stadio Diego Armando Maradona
139,https://www.flashscore.com/match/football/galatasaray-riaqqurF/psg-CjhkPw0k/?mid=6Dd8FgVi,PSG,Galatasaray,27.01.2027,21:00,Parc des Princes
140,https://www.flashscore.com/match/football/psv-M9UEHJWi/vfb-stuttgart-nJQmYp1B/?mid=zRFWrVDd,PSV,Stuttgart,27.01.2027,21:00,Philips Stadion
141,https://www.flashscore.com/match/football/real-madrid-W8mj7MDD/shakhtar-4ENWX2OA/?mid=zZeWOunp,Shakhtar Donetsk,Real Madrid,27.01.2027,21:00,Stamford Bridge
142,https://www.flashscore.com/match/football/aston-villa-W00wmLO0/slavia-prague-viXGgnyB/?mid=vwTrTRHs,Slavia Prague,Aston Villa,27.01.2027,21:00,Fortuna Arena
143,https://www.flashscore.com/match/football/inter-Iw7eKK25/slovan-bratislava-QRaWdwQf/?mid=AX7jhQXQ,Slovan Bratislava,Inter,27.01.2027,21:00,Tehelné pole
144,https://www.flashscore.com/match/football/manchester-united-ppjDR086/villarreal-lUatW5jE/?mid=M3TDwzxH,Villarreal,Manchester Utd,27.01.2027,21:00,Estadio de la Ceramica
